{"py/object": "Sto.StoDocument.StoDocument", "_title_page": {"py/object": "Sto.Title.TitlePage", "_paragraphs": [{"py/object": "Sto.Title.ForHelpTitlePageCenter", "_text": "\u0424\u0435\u0434\u0435\u0440\u0430\u043b\u044c\u043d\u043e\u0435 \u0433\u043e\u0441\u0443\u0434\u0430\u0440\u0441\u0442\u0432\u0435\u043d\u043d\u043e\u0435 \u0430\u0432\u0442\u043e\u043d\u043e\u043c\u043d\u043e\u0435", "_type": "TypeForHelpTitlePageCenter"}, {"py/object": "Sto.Title.ForHelpTitlePageCenter", "_text": "\u043e\u0431\u0440\u0430\u0437\u043e\u0432\u0430\u0442\u0435\u043b\u044c\u043d\u043e\u0435 \u0443\u0447\u0440\u0435\u0436\u0434\u0435\u043d\u0438\u0435", "_type": "TypeForHelpTitlePageCenter"}, {"py/object": "Sto.Title.ForHelpTitlePageCenter", "_text": "\u0432\u044b\u0441\u0448\u0435\u0433\u043e \u043e\u0431\u0440\u0430\u0437\u043e\u0432\u0430\u043d\u0438\u044f", "_type": "TypeForHelpTitlePageCenter"}, {"py/object": "Sto.Title.ForHelpTitlePageCenter", "_text": "\u00ab\u0421\u0418\u0411\u0418\u0420\u0421\u041a\u0418\u0419 \u0424\u0415\u0414\u0415\u0420\u0410\u041b\u042c\u041d\u042b\u0419 \u0423\u041d\u0418\u0412\u0415\u0420\u0421\u0418\u0422\u0415\u0422\u00bb", "_type": "TypeForHelpTitlePageCenter"}, {"py/object": "Sto.Title.ForHelpTitlePageCenter", "_text": "", "_type": "TypeForHelpTitlePageCenter"}, {"py/object": "Sto.Title.DepartmentAndSubject", "_text": "\u0418\u043d\u0441\u0442\u0438\u0442\u0443\u0442 \u041a\u043e\u0441\u043c\u0438\u0447\u0435\u0441\u043a\u0438\u0445 \u0438 \u0438\u043d\u0444\u043e\u0440\u043c\u0430\u0446\u0438\u043e\u043d\u043d\u044b\u0445 \u0442\u0435\u0445\u043d\u043e\u043b\u043e\u0433\u0438\u0439", "_type": "DepartmentAndSubject"}, {"py/object": "Sto.Title.Subscript", "_text": "\u0438\u043d\u0441\u0442\u0438\u0442\u0443\u0442", "_type": "Subscript"}, {"py/object": "Sto.Title.DepartmentAndSubject", "_text": "\u041a\u0430\u0444\u0435\u0434\u0440\u0430 \u00ab\u0418\u043d\u0444\u043e\u0440\u043c\u0430\u0442\u0438\u043a\u0430\u00bb", "_type": "DepartmentAndSubject"}, {"py/object": "Sto.Title.Subscript", "_text": "\u043a\u0430\u0444\u0435\u0434\u0440\u0430", "_type": "Subscript"}, {"py/object": "Sto.Title.ForHelpTitlePageCenter", "_text": "", "_type": "TypeForHelpTitlePageCenter"}, {"py/object": "Sto.Title.ForHelpTitlePageCenter", "_text": "", "_type": "TypeForHelpTitlePageCenter"}, {"py/object": "Sto.Title.ForHelpTitlePageCenter", "_text": "", "_type": "TypeForHelpTitlePageCenter"}, {"py/object": "Sto.Title.ForHelpTitlePageCenter", "_text": "", "_type": "TypeForHelpTitlePageCenter"}, {"py/object": "Sto.Title.ForHelpTitlePageCenter", "_text": "", "_type": "TypeForHelpTitlePageCenter"}, {"py/object": "Sto.Title.ForHelpTitlePageCenter", "_text": "", "_type": "TypeForHelpTitlePageCenter"}, {"py/object": "Sto.Title.ForHelpTitlePageCenter", "_text": "", "_type": "TypeForHelpTitlePageCenter"}, {"py/object": "Sto.Title.ForHelpTitlePageCenter", "_text": "", "_type": "TypeForHelpTitlePageCenter"}, {"py/object": "Sto.Title.ForHelpTitlePageCenter", "_text": "", "_type": "TypeForHelpTitlePageCenter"}, {"py/object": "Sto.Title.ForHelpTitlePageCenter", "_text": "", "_type": "TypeForHelpTitlePageCenter"}, {"py/object": "Sto.Title.JobTitle", "_text": "\u041e\u0422\u0427\u0415\u0422 \u041f\u041e \u041f\u0420\u0410\u041a\u0422\u0418\u0427\u0415\u0421\u041a\u041e\u0419 \u0420\u0410\u0411\u041e\u0422\u0415 \u21163", "_type": "JobTitle"}, {"py/object": "Sto.Title.ForHelpTitlePageCenter", "_text": "", "_type": "TypeForHelpTitlePageCenter"}, {"py/object": "Sto.Title.DepartmentAndSubject", "_text": "\u041f\u0440\u0430\u043a\u0442\u0438\u0447\u0435\u0441\u043a\u043e\u0435 \u0437\u0430\u0434\u0430\u043d\u0438\u0435 \u21163 (\u043e\u0441\u043d\u043e\u0432\u044b \u0441\u0442\u0430\u0442\u0438\u0441\u0442\u0438\u0447\u0435\u0441\u043a\u043e\u0433\u043e \u043a\u0440\u0438\u043f\u0442\u043e\u0430\u043d\u0430\u043b\u0438\u0437\u0430)", "_type": "DepartmentAndSubject"}, {"py/object": "Sto.Title.Subscript", "_text": "\u0442\u0435\u043c\u0430", "_type": "Subscript"}, {"py/object": "Sto.Title.ForHelpTitlePageCenter", "_text": "", "_type": "TypeForHelpTitlePageCenter"}, {"py/object": "Sto.Title.ForHelpTitlePageCenter", "_text": "", "_type": "TypeForHelpTitlePageCenter"}, {"py/object": "Sto.Title.ForHelpTitlePageCenter", "_text": "", "_type": "TypeForHelpTitlePageCenter"}, {"py/object": "Sto.Title.ForHelpTitlePageCenter", "_text": "", "_type": "TypeForHelpTitlePageCenter"}, {"py/object": "Sto.Title.ForHelpTitlePageCenter", "_text": "", "_type": "TypeForHelpTitlePageCenter"}, {"py/object": "Sto.Title.ForHelpTitlePageCenter", "_text": "", "_type": "TypeForHelpTitlePageCenter"}, {"py/object": "Sto.Title.ForHelpTitlePageCenter", "_text": "", "_type": "TypeForHelpTitlePageCenter"}, {"py/object": "Sto.Title.ForHelpTitlePageCenter", "_text": "", "_type": "TypeForHelpTitlePageCenter"}, {"py/object": "Sto.Title.TeacherAndStudent", "_text": "\u0442\u0430\u0431\u043b\u0438\u0446\u0430", "_type": "TeacherAndStudent", "_table": ["\u041f\u0440\u0435\u043f\u043e\u0434\u0430\u0432\u0430\u0442\u0435\u043b\u044c", " ", "\u0410.\u0410. \u0421\u0438\u0434\u0430\u0440\u0430\u0441", " ", "\u043f\u043e\u0434\u043f\u0438\u0441\u044c, \u0434\u0430\u0442\u0430", "\u0438\u043d\u0438\u0446\u0438\u0430\u043b\u044b, \u0444\u0430\u043c\u0438\u043b\u0438\u044f", "\u0421\u0442\u0443\u0434\u0435\u043d\u0442 \u041a\u041818-17/1\u0431  031831229", " ", "\u0412.\u0410. \u041f\u0440\u0435\u043a\u0435\u043b\u044c", "\u043d\u043e\u043c\u0435\u0440 \u0433\u0440\u0443\u043f\u043f\u044b, \u0437\u0430\u0447\u0435\u0442\u043d\u043e\u0439 \u043a\u043d\u0438\u0436\u043a\u0438", "\u043f\u043e\u0434\u043f\u0438\u0441\u044c, \u0434\u0430\u0442\u0430", "\u0438\u043d\u0438\u0446\u0438\u0430\u043b\u044b, \u0444\u0430\u043c\u0438\u043b\u0438\u044f"]}, {"py/object": "Sto.Title.ForHelpTitlePageCenter", "_text": "", "_type": "TypeForHelpTitlePageCenter"}, {"py/object": "Sto.Title.ForHelpTitlePageCenter", "_text": "", "_type": "TypeForHelpTitlePageCenter"}, {"py/object": "Sto.Title.ForHelpTitlePageCenter", "_text": "", "_type": "TypeForHelpTitlePageCenter"}, {"py/object": "Sto.Title.ForHelpTitlePageCenter", "_text": "", "_type": "TypeForHelpTitlePageCenter"}, {"py/object": "Sto.Title.ForHelpTitlePageCenter", "_text": "", "_type": "TypeForHelpTitlePageCenter"}, {"py/object": "Sto.Title.ForHelpTitlePageCenter", "_text": "", "_type": "TypeForHelpTitlePageCenter"}, {"py/object": "Sto.Title.ForHelpTitlePageCenter", "_text": "", "_type": "TypeForHelpTitlePageCenter"}, {"py/object": "Sto.Title.ForHelpTitlePageCenter", "_text": "", "_type": "TypeForHelpTitlePageCenter"}, {"py/object": "Sto.Title.ForHelpTitlePageCenter", "_text": "", "_type": "TypeForHelpTitlePageCenter"}, {"py/object": "Sto.Title.ForHelpTitlePageCenter", "_text": "", "_type": "TypeForHelpTitlePageCenter"}, {"py/object": "Sto.Title.ForHelpTitlePageCenter", "_text": "\u041a\u0440\u0430\u0441\u043d\u043e\u044f\u0440\u0441\u043a 2020", "_type": "TypeForHelpTitlePageCenter"}]}, "_headings": [{"py/object": "Sto.Heading.Heading", "_text": "\u0426\u0435\u043b\u044c \u0440\u0430\u0431\u043e\u0442\u044b", "_type": "Heading", "_paragraphs": [{"py/object": "Sto.Paragraph.Paragraph", "_text": "\u0432\u0432\u0435\u0434\u0435\u043d\u0438\u0435 \u0432 \u043a\u0440\u0438\u043f\u0442\u043e\u0441\u0438\u0441\u0442\u0435\u043c\u044b \u043f\u043e\u043b\u0438\u0430\u043b\u0444\u0430\u0432\u0438\u0442\u043d\u043e\u0439 \u043f\u043e\u0434\u0441\u0442\u0430\u043d\u043e\u0432\u043a\u0438 \u043d\u0430 \u043f\u0440\u0438\u043c\u0435\u0440\u0435 \u0448\u0438\u0444\u0440\u0430 \u0412\u0438\u0436\u0435\u043d\u0435\u0440\u0430; ", "_type": "Paragraph"}, {"py/object": "Sto.Paragraph.Paragraph", "_text": "\u0438\u0437\u0443\u0447\u0435\u043d\u0438\u0435 \u043c\u0435\u0442\u043e\u0434\u043e\u0432 \u043a\u0440\u0438\u043f\u0442\u043e\u0430\u043d\u0430\u043b\u0438\u0437\u0430 \u0448\u0438\u0444\u0440\u043e\u0432 \u043f\u043e\u043b\u0438\u0430\u043b\u0444\u0430\u0432\u0438\u0442\u043d\u043e\u0439 \u043f\u043e\u0434\u0441\u0442\u0430\u043d\u043e\u0432\u043a\u0438 \u043d\u0430 \u043f\u0440\u0438\u043c\u0435\u0440\u0435 \u0448\u0438\u0444\u0440\u0430 \u0412\u0438\u0436\u0435\u043d\u0435\u0440\u0430. ", "_type": "Paragraph"}], "_level": 1}, {"py/object": "Sto.Heading.Heading", "_text": "\u041f\u043e\u0441\u0442\u0430\u043d\u043e\u0432\u043a\u0430 \u0437\u0430\u0434\u0430\u0447\u0438", "_type": "Heading", "_paragraphs": [{"py/object": "Sto.Paragraph.Paragraph", "_text": "\u0418\u0441\u043f\u043e\u043b\u044c\u0437\u0443\u044f \u043b\u044e\u0431\u043e\u0439 \u0438\u0437 \u0441\u043f\u043e\u0441\u043e\u0431\u043e\u0432 \u043a\u0440\u0438\u043f\u0442\u043e\u0430\u043d\u0430\u043b\u0438\u0437\u0430 (\u0440\u0430\u0441\u0441\u043c\u043e\u0442\u0440\u0435\u043d\u043d\u044b\u0445 \u0440\u0430\u043d\u0435\u0435) \u0448\u0438\u0444\u0440\u043e\u0432 \u043f\u043e\u043b\u0438\u0430\u043b\u0444\u0430\u0432\u0438\u0442\u043d\u043e\u0439 \u043f\u043e\u0434\u0441\u0442\u0430\u043d\u043e\u0432\u043a\u0438 \u0440\u0430\u0441\u0448\u0438\u0444\u0440\u0443\u0439\u0442\u0435 \u0442\u0435\u043a\u0441\u0442 \u0441\u043e\u043e\u0431\u0449\u0435\u043d\u0438\u044f (\u0441\u043e\u0433\u043b\u0430\u0441\u043d\u043e \u0432\u0430\u0448\u0435\u043c\u0443 \u043f\u0435\u0440\u0441\u043e\u043d\u0430\u043b\u044c\u043d\u043e\u043c\u0443 \u0432\u0430\u0440\u0438\u0430\u043d\u0442\u0443), \u0430 \u0442\u0430\u043a\u0436\u0435 \u043e\u043f\u0440\u0435\u0434\u0435\u043b\u0438\u0442\u0435 \u0441\u0435\u043a\u0440\u0435\u0442\u043d\u044b\u0439 \u043a\u043b\u044e\u0447, \u043a\u043e\u0442\u043e\u0440\u044b\u043c \u043e\u043d\u043e \u0431\u044b\u043b\u043e \u0437\u0430\u0448\u0438\u0444\u0440\u043e\u0432\u0430\u043d\u043e.", "_type": "Paragraph"}], "_level": 1}, {"py/object": "Sto.Heading.Heading", "_text": "\u041a\u0440\u0430\u0442\u043a\u0438\u0439 \u0442\u0435\u043e\u0440\u0435\u0442\u0438\u0447\u0435\u0441\u043a\u0438\u0439 \u043c\u0430\u0442\u0435\u0440\u0438\u0430\u043b", "_type": "Heading", "_paragraphs": [{"py/object": "Sto.Heading.Heading", "_text": "\u041f\u043e\u0434\u0440\u043e\u0431\u043d\u043e\u0435 \u043e\u043f\u0438\u0441\u0430\u043d\u0438\u0435 \u0440\u0430\u0437\u0440\u0430\u0431\u043e\u0442\u0430\u043d\u043d\u043e\u0439 \u043f\u0440\u043e\u0433\u0440\u0430\u043c\u043c\u044b, \u0432\u043a\u043b\u044e\u0447\u0430\u044f \u043a\u0440\u0430\u0442\u043a\u043e\u0435 \u0440\u0443\u043a\u043e\u0432\u043e\u0434\u0441\u0442\u0432\u043e \u043f\u043e\u043b\u044c\u0437\u043e\u0432\u0430\u0442\u0435\u043b\u044f (\u043a\u0440\u0438\u043f\u0442\u043e\u0430\u043d\u0430\u043b\u0438\u0442\u0438\u043a\u0430) \u043f\u043e \u0435\u0451 \u0438\u0441\u043f\u043e\u043b\u044c\u0437\u043e\u0432\u0430\u043d\u0438\u044e", "_type": "Heading", "_paragraphs": [{"py/object": "Sto.Paragraph.Paragraph", "_text": "\u0412 \u043f\u0440\u043e\u0433\u0440\u0430\u043c\u043c\u0435 \u0440\u0435\u0430\u043b\u0438\u0437\u043e\u0432\u0430\u043d\u0430 \u0432\u043e\u0437\u043c\u043e\u0436\u043d\u043e\u0447\u0442\u044c \u0432\u044b\u0431\u043e\u0440\u0430 \u0448\u0438\u0444\u0440\u043e\u0442\u0435\u043a\u0441\u0442\u0430 \u0438\u0437 \u043b\u044e\u0431\u043e\u0433\u043e \u0432\u0430\u0440\u0438\u0430\u043d\u0442\u0430. \u041f\u043e\u0441\u043b\u0435 \u0432\u044b\u0431\u043e\u0440\u0430 \u0432\u0430\u0440\u0438\u0430\u043d\u0442\u0430 \u0438\u043b\u0438 \u0432\u0432\u043e\u0434\u0430 \u0448\u0438\u0444\u0440\u043e\u0442\u0435\u043a\u0441\u0442\u0430, \u043a\u0440\u0438\u043f\u0442\u043e\u0430\u043d\u0430\u043b\u0438\u0442\u0438\u043a \u0434\u043e\u043b\u0436\u0435\u043d \u043d\u0430\u0436\u0430\u0442\u044c \"\u041f\u043e\u0434\u043e\u0431\u0440\u0430\u0442\u044c \u0434\u043b\u0438\u043d\u0443\". \u041f\u043e\u0441\u043b\u0435 \u044d\u0442\u043e\u0433\u043e \u0432 \u0432\u044b\u043f\u0430\u0434\u0430\u044e\u0449\u0435\u043c \u0441\u043f\u0438\u0441\u043a\u0435 \u043f\u043e\u044f\u0432\u044f\u0442\u0441\u044f \u0432\u043e\u0437\u043c\u043e\u0436\u043d\u044b\u0435 \u0434\u043b\u0438\u043d\u044b \u043a\u043b\u044e\u0447\u0430, \u0441\u0430\u043c\u0430\u044f \u0432\u0435\u0440\u043e\u044f\u0442\u043d\u0430\u044f \u0432\u044b\u0431\u0435\u0440\u0435\u0442\u0441\u044f \u0441\u0430\u043c\u0430. \u0414\u0430\u043b\u0435\u0435 \u043a\u0440\u0438\u043f\u0442\u043e\u0430\u043d\u0430\u043b\u0438\u0442\u0438\u043a \u043c\u043e\u0436\u0435\u0442 \u043d\u0430\u0436\u0430\u0442\u044c \"\u041f\u043e\u0434\u043e\u0431\u0440\u0430\u0442\u044c \u043a\u043b\u044e\u0447\", \u043a\u043e\u0442\u043e\u0440\u044b\u0439 \u043f\u043e\u0434\u0431\u0435\u0440\u0451\u0442\u0441\u044f, \u043e\u0441\u043d\u043e\u0432\u044b\u0432\u0430\u044f\u0441\u044c \u043d\u0430 \u0442\u043e, \u0447\u0442\u043e \u0441\u0430\u043c\u0430\u044f \u0432\u0441\u0442\u0440\u0435\u0447\u0430\u044e\u0449\u0430\u044f\u0441\u044f \u0431\u0443\u043a\u0432\u0430 - \"\u041e\". \u0414\u0430\u043b\u0435\u0435 \u043f\u0440\u0438 \u043d\u0430\u0436\u0430\u0442\u0438\u0438 \"\u0420\u0430\u0441\u0448\u0438\u0444\u0440\u043e\u0432\u0430\u0442\u044c\" \u0448\u0438\u0444\u0440\u043e\u0442\u0435\u043a\u0441\u0442 \u0440\u0430\u0441\u0448\u0438\u0444\u0440\u0443\u0435\u0442\u0441\u044f \u043f\u043e \u043f\u043e\u0434\u043e\u0431\u0440\u0430\u043d\u043d\u043e\u043c\u0443 \u043a\u043b\u044e\u0447\u0443. \u0415\u0441\u043b\u0438 \u0442\u0435\u043a\u0441\u0442 \u043e\u0441\u043c\u044b\u0441\u043b\u0435\u043d\u044b\u0439 (\u0430 \u0432 \u0437\u0430\u0434\u0430\u043d\u043d\u044b\u0445 \u0432\u0430\u0440\u0438\u0430\u043d\u0442\u0430\u0445 \u0435\u0449\u0451 \u0438 \u043e\u0441\u043c\u044b\u0441\u043b\u0435\u043d\u043d\u044b\u0439 \u043a\u043b\u044e\u0447), \u0442\u043e \u043a\u0440\u0438\u043f\u0442\u043e\u0430\u043d\u0430\u043b\u0438\u0437 \u0437\u0430\u043a\u043e\u043d\u0447\u0435\u043d. \u0418\u043d\u0430\u0447\u0435 \u043c\u043e\u0436\u043d\u043e \u0438\u043b\u0438 \u043f\u043e\u0434\u0431\u0438\u0440\u0430\u0442\u044c \u043e\u0441\u043c\u044b\u0441\u043b\u0435\u043d\u043d\u044b\u0439 \u043a\u043b\u044e\u0447, \u0438\u043b\u0438 \u043f\u043e\u0434\u0431\u0438\u0440\u0430\u0442\u044c \u0434\u0440\u0443\u0433\u0438\u0435 \u0447\u0430\u0441\u0442\u043e\u0432\u0441\u0442\u0440\u0435\u0447\u0430\u044e\u0449\u0438\u0435\u0441\u044f \u0431\u0443\u043a\u0432\u044b (\u0432 \u043f\u043e\u0440\u044f\u0434\u043a\u0435 \u0443\u0431\u044b\u0432\u0430\u043d\u0438\u044f \u0447\u0430\u0441\u0442\u043e\u0442\u044b - \"\u041e\u0415\u0410\u0418\u041d\u0422\u0421\u041b...\", \u0438\u043b\u0438 \u043f\u043e\u0431\u0443\u043a\u0432\u0435\u043d\u043d\u043e \u0438\u0437\u043c\u0435\u043d\u044f\u0442\u044c \u0440\u0430\u0441\u0448\u0438\u0444\u0440\u043e\u0432\u0430\u043d\u043d\u044b\u0439 \u0442\u0435\u043a\u0441\u0442 \u0447\u0442\u043e\u0431\u044b \u0442\u043e\u0442 \u0441\u0442\u0430\u043d\u043e\u0432\u0438\u043b\u0441\u044f \u043e\u0441\u043c\u044b\u0441\u043b\u0435\u043d\u043d\u044b\u043c, \u0437\u0430\u0442\u0435\u043c \u043d\u0430\u0436\u0438\u043c\u0430\u044f \u043d\u0430 \"\u0418\u0441\u043f\u0440\u0430\u0432\u0438\u0442\u044c \u043a\u043b\u044e\u0447\".", "_type": "Paragraph"}], "_level": 2}, {"py/object": "Sto.Heading.Heading", "_text": "\u041f\u043e\u0434\u0440\u043e\u0431\u043d\u043e\u0435 \u0438 \u043f\u043e\u044d\u0442\u0430\u043f\u043d\u043e\u0435 \u043e\u043f\u0438\u0441\u0430\u043d\u0438\u0435 \u043f\u0440\u043e\u0446\u0435\u0441\u0441\u0430 \u0434\u0435\u0448\u0438\u0444\u0440\u0430\u0446\u0438\u0438, \u043f\u0440\u043e\u0434\u0435\u043b\u0430\u043d\u043d\u043e\u0433\u043e \u0434\u043b\u044f \u0432\u0437\u043b\u043e\u043c\u0430 \u0437\u0430\u0448\u0438\u0444\u0440\u043e\u0432\u0430\u043d\u043d\u043e\u0433\u043e \u0442\u0435\u043a\u0441\u0442\u0430 \u0438 \u043f\u043e\u043b\u0443\u0447\u0435\u043d\u0438\u044f \u0441\u0435\u043a\u0440\u0435\u0442\u043d\u043e\u0433\u043e \u043a\u043b\u044e\u0447\u0430", "_type": "Heading", "_paragraphs": [{"py/object": "Sto.Paragraph.Paragraph", "_text": "\u041f\u0440\u0438 \u043d\u0430\u0436\u0430\u0442\u0438\u0438 \u043d\u0430 \"\u041f\u043e\u0434\u043e\u0431\u0440\u0430\u0442\u044c \u0434\u043b\u0438\u043d\u0443\" \u043f\u0440\u043e\u0438\u0441\u0445\u043e\u0434\u0438\u0442 \u043f\u043e\u0438\u0441\u043a \u0434\u043b\u0438\u043d\u044b \u043a\u043b\u044e\u0447\u0430 \u0442\u0435\u0441\u0442\u043e\u043c \u041a\u0430\u0441\u0438\u0441\u043a\u0438. \u0414\u043b\u044f \u0432\u0441\u0435\u0445 \u0442\u0440\u0438\u0433\u0440\u0430\u043c\u043c \u043d\u0430\u0445\u043e\u0434\u0438\u0442\u0441\u044f \u043d\u0430\u0438\u0431\u043e\u043b\u044c\u0448\u0438\u0439 \u043e\u0431\u0449\u0438\u0439 \u0434\u0435\u043b\u0438\u0442\u0435\u043b\u044c \u0440\u0430\u0441\u0441\u0442\u043e\u044f\u043d\u0438\u0439 \u043c\u0435\u0436\u0434\u0443 \u043d\u0438\u043c\u0438. \u0417\u0430\u0442\u0435\u043c \u0441\u043e\u0440\u0442\u0438\u0440\u0443\u044e\u0442\u0441\u044f \u043f\u043e \u0447\u0430\u0441\u0442\u043e\u0442\u0435. ", "_type": "Paragraph"}, {"py/object": "Sto.Paragraph.Paragraph", "_text": "\u041f\u0440\u0438 \u043d\u0430\u0436\u0430\u0442\u0438\u0438 \u043d\u0430 \"\u041f\u043e\u0434\u043e\u0431\u0440\u0430\u0442\u044c \u043a\u043b\u044e\u0447\" \u0434\u043b\u044f \u043a\u0430\u0436\u0434\u043e\u0433\u043e \u0441\u0442\u043e\u043b\u0431\u0446\u0430 \u0448\u0438\u0444\u0440\u043e\u0442\u0435\u043a\u0441\u0442\u0430 \u043d\u0430\u0445\u043e\u0434\u0438\u0442\u0441\u044f \u0441\u0430\u043c\u0430\u044f \u0432\u0441\u0442\u0440\u0435\u0447\u0430\u044e\u0449\u0430\u0441\u044f \u0437\u0430\u0448\u0438\u0444\u0440\u043e\u0432\u0430\u043d\u043d\u0430\u044f \u0431\u0443\u043a\u0432\u0430 \u0438 \u043e\u0441\u043d\u043e\u0432\u044b\u0432\u0430\u044f\u0441\u044c \u043d\u0430 \u043f\u0440\u0435\u0434\u043f\u043e\u043b\u043e\u0436\u0435\u043d\u0438\u0438, \u043a\u0430\u043a\u0430\u044f \u044d\u0442\u0430 \u0431\u0443\u043a\u0432\u0430, \u0432\u044b\u0447\u0438\u0441\u043b\u044f\u0435\u0442\u0441\u044f \u0431\u0443\u043a\u0432\u0430 \u043a\u043b\u044e\u0447\u0430.", "_type": "Paragraph"}, {"py/object": "Sto.Paragraph.Paragraph", "_text": "\u041f\u0440\u0438 \u043d\u0430\u0436\u0430\u0442\u0438\u0438 \u043d\u0430 \"\u0418\u0441\u043f\u0440\u0430\u0432\u0438\u0442\u044c \u043a\u043b\u044e\u0447\" \u0434\u043b\u044f \u043f\u0435\u0440\u0432\u043e\u0439 \u043d\u0435\u0441\u043e\u0432\u043f\u0430\u0434\u0430\u044e\u0449\u0435\u0439 \u0431\u0443\u043a\u0432\u044b \u0432 \u0438\u0437\u043c\u0435\u043d\u0451\u043d\u043d\u043e\u043c \u0442\u0435\u043a\u0441\u0442\u0435 \u0438 \u0442\u0435\u043a\u0441\u0442\u0435, \u0440\u0430\u0441\u0448\u0438\u0444\u0440\u043e\u0432\u0430\u043d\u043d\u043e\u043c \u043f\u0440\u0435\u0436\u043d\u0438\u043c \u043a\u043b\u044e\u0447\u043e\u043c, \u043f\u043e\u0434\u0431\u0438\u0440\u0430\u0435\u0442\u0441\u044f \u043d\u043e\u0432\u0430\u044f \u0431\u0443\u043a\u0432\u0430 \u043a\u043b\u044e\u0447\u0430.", "_type": "Paragraph"}], "_level": 2}], "_level": 1}, {"py/object": "Sto.Heading.Heading", "_text": "\u041b\u0438\u0441\u0442\u0438\u043d\u0433 \u0441\u043e\u0441\u0442\u0430\u0432\u043b\u0435\u043d\u043d\u043e\u0439 \u043f\u0440\u043e\u0433\u0440\u0430\u043c\u043c\u044b", "_type": "Heading", "_paragraphs": [{"py/object": "Sto.Listing.ListingDescription", "_text": "Lab_03/Lab_03.Core/VigenereDecrypter.cs", "_type": "ListingDescription"}, {"py/object": "Sto.Listing.Listing", "_text": "using System;\nusing System.Linq;\nusing System.Text;\n\nnamespace Lab_03.Core\n{\n    public class VigenereDecrypter\n    {\n        private const string RussianLetters = \"\u0410\u0411\u0412\u0413\u0414\u0415\u0416\u0417\u0418\u0419\u041a\u041b\u041c\u041d\u041e\u041f\u0420\u0421\u0422\u0423\u0424\u0425\u0426\u0427\u0428\u0429\u042a\u042b\u042c\u042d\u042e\u042f\";\n\n        public VigenereDecrypter(string cipherTextOriginal)\n        {\n            CipherTextOriginal = cipherTextOriginal;\n            CipherTextOnlyLetters = new string(CipherTextOriginal.Where(Char.IsLetter).ToArray());\n        }\n\n        public string CipherTextOriginal { get; }\n\n        public string CipherTextOnlyLetters { get; }\n\n        public string TextOnlyLetters { get; private set; } = \"\";\n\n        public string? Text\n        {\n            get\n            {\n                Decrypt();\n                if (TextOnlyLetters.Length != CipherTextOnlyLetters.Length)\n                {\n                    return null;\n                }\n\n                var sb = new StringBuilder();\n                var k = 0;\n                foreach (var i in CipherTextOriginal)\n                {\n                    sb.Append(Char.IsLetter(i) ? TextOnlyLetters[k++] : i);\n                }\n\n                return sb.ToString();\n            }\n        }\n\n\n        public string Key { get; set; } = \"\u0410\";\n\n        public static char Decrypt(char i, char p)\n        {\n            var e = RussianLetters.IndexOf(i);\n            var k = RussianLetters.IndexOf(p);\n            var m = RussianLetters.Length;\n\n            var o = (e - k) % m;\n            if (o < 0)\n            {\n                o = m + o;\n            }\n\n            var ch = RussianLetters[o];\n            return ch;\n        }\n\n        public static char Crypt(char i, char p)\n        {\n            var e = RussianLetters.IndexOf(i);\n            var k = RussianLetters.IndexOf(p);\n            var m = RussianLetters.Length;\n\n            var o = (e + k) % m;\n\n            var ch = RussianLetters[o];\n            return ch;\n        }\n\n        private void Decrypt()\n        {\n            var text = new StringBuilder();\n            var j = 0;\n            foreach (var i in CipherTextOnlyLetters)\n            {\n                var ch = Decrypt(i, Key[j++]);\n                j %= Key.Length;\n                var m = RussianLetters.Length;\n                text.Append(ch);\n            }\n\n            TextOnlyLetters = text.ToString();\n        }\n    }\n}\n", "_type": "Listing"}, {"py/object": "Sto.Paragraph.Paragraph", "_text": "", "_type": "Paragraph"}, {"py/object": "Sto.Listing.ListingDescription", "_text": "Lab_03/Lab_03.Core/VigenereAnalysis.cs", "_type": "ListingDescription"}, {"py/object": "Sto.Listing.Listing", "_text": "using System;\nusing System.Collections.Generic;\nusing System.Diagnostics.CodeAnalysis;\nusing System.Linq;\n\nnamespace Lab_03.Core\n{\n    public class VigenereAnalysis\n    {\n        public VigenereAnalysis(string cipherText) => VigenereDecrypter = new VigenereDecrypter(cipherText);\n\n        public VigenereDecrypter VigenereDecrypter { get; }\n\n        public int Mu { get; private set; }\n\n        public string MostOccuringLettets => new string(Enumerable.Range(0, Mu)\n            .Select(index => Enumerable.Range(0, VigenereDecrypter.TextOnlyLetters.Length / Mu)\n                .Select(i => VigenereDecrypter.TextOnlyLetters.Substring(i * Mu, Mu))\n                .Select(i => i[index])\n                .Aggregate(new Dictionary<char, int>(),\n                    (charcouner, c) =>\n                    {\n                        charcouner[c] = charcouner.ContainsKey(c) ? charcouner[c] + 1 : 1;\n                        return charcouner;\n                    })\n                .OrderByDescending(pair => pair.Value)\n                .Select(pair => pair.Key)\n                .First())\n            .ToArray());\n\n        public void SuggestMu(int mu)\n        {\n            Mu = mu;\n            VigenereDecrypter.Key = new string('\u0410', mu);\n        }\n\n        public void SuggestMostOccuring(int index, char letter)\n        {\n            var most = Enumerable.Range(0, VigenereDecrypter.CipherTextOnlyLetters.Length / Mu)\n                .Select(i => VigenereDecrypter.CipherTextOnlyLetters.Substring(i * Mu, Mu))\n                .Select(i => i[index])\n                .Aggregate(new Dictionary<char, int>(),\n                    (charcouner, c) =>\n                    {\n                        charcouner[c] = charcouner.ContainsKey(c) ? charcouner[c] + 1 : 1;\n                        return charcouner;\n                    })\n                .OrderByDescending(pair => pair.Value)\n                .First()\n                .Key;\n\n            var keychar = VigenereDecrypter.Decrypt(most, letter);\n\n            VigenereDecrypter.Key =\n                new string(VigenereDecrypter.Key.Select((c, i) => i == index ? keychar : c).ToArray());\n        }\n\n        private static int GCD(IEnumerable<int> numbers) => numbers.Aggregate(GCD);\n\n        private static int GCD(int a, int b) =>\n            // ReSharper disable once TailRecursiveCall\n            b == 0 ? a : GCD(b, a % b);\n\n        [SuppressMessage(\"ReSharper\", \"PossibleMultipleEnumeration\")]\n        public static int MuFromIndeces(IEnumerable<int> indeces) =>\n            GCD(indeces.Skip(1).Zip(indeces.SkipLast(1), (a, b) => a - b));\n\n        public Dictionary<string, IEnumerable<int>> Subgrams(int length)\n        {\n            var res = new Dictionary<string, IEnumerable<int>>();\n            for (var i = 0; i < VigenereDecrypter.CipherTextOnlyLetters.Length - length; i++)\n            {\n                var tri = VigenereDecrypter.CipherTextOnlyLetters.Substring(i, length);\n                if (res.ContainsKey(tri))\n                {\n                    continue;\n                }\n\n                var list = new List<int>();\n                res[tri] = list;\n\n                var k = 0;\n                while (true)\n                {\n                    var f = VigenereDecrypter.CipherTextOnlyLetters.IndexOf(tri, k, StringComparison.Ordinal);\n                    if (f == -1)\n                    {\n                        break;\n                    }\n\n                    list.Add(f);\n                    k = f + 1;\n                }\n            }\n\n            return res;\n        }\n\n        public IEnumerable<int> PossibleMus() =>\n            Enumerable.Range(5, 5)\n                .GroupJoin(Subgrams(3)\n                    .Where(pair => pair.Value.Count() >= 2)\n                    .Select(pair => MuFromIndeces(pair.Value)), i => i, j => j, (i, ints) => (i, ints.Count()))\n                .OrderByDescending(i => i.Item2)\n                .Select(i => i.i);\n\n        public void FixKey(string post)\n        {\n            var pre = VigenereDecrypter.TextOnlyLetters;\n            var postOnlyLetters = new string(post.Where(Char.IsLetter).ToArray());\n            var ind = -1;\n            for (var i = 0; i < Math.Min(pre.Length, postOnlyLetters.Length); i++)\n            {\n                if (pre[i] == postOnlyLetters[i])\n                {\n                    continue;\n                }\n\n                ind = i;\n                break;\n            }\n\n            var k = ind % Mu;\n\n            var keychar = VigenereDecrypter.Decrypt(VigenereDecrypter.Key[k],\n                VigenereDecrypter.Decrypt(postOnlyLetters[ind], pre[ind]));\n\n            VigenereDecrypter.Key =\n                new string(VigenereDecrypter.Key.Select((c, i) => i == k ? keychar : c).ToArray());\n        }\n    }\n}\n", "_type": "Listing"}, {"py/object": "Sto.Paragraph.Paragraph", "_text": "", "_type": "Paragraph"}, {"py/object": "Sto.Listing.ListingDescription", "_text": "Lab_03/Lab_03.Core/Variants.cs", "_type": "ListingDescription"}, {"py/object": "Sto.Listing.Listing", "_text": "namespace Lab_03.Core\n{\n    public static class Variants\n    {\n        private static readonly string[] data =\n        {\n            // \u0412\u0430\u0440\u0438\u0430\u043d\u0442\u044b...\n        };\n\n        private static readonly string[] answers =\n        {\n            \"\u041a\u041e\u041b\u041e\u0414\u0415\u0426\",\n            \"\u0417\u0410\u041d\u041e\u0417\u0410\",\n            \"\u0421\u0426\u0415\u041d\u0410\",\n            \"\u041b\u0410\u0417\u0423\u0420\u042c\",\n            \"\u0420\u0415\u0427\u041d\u041e\u0419\",\n            \"\u041b\u0410\u041f\u041e\u0422\u042c\",\n            \"\u0427\u0415\u041b\u041e\u0412\u0415\u041a\",\n            \"\u0410\u0420\u041c\u0418\u042f\",\n            \"\u0414\u0418\u041f\u041b\u041e\u041c\",\n            \"\u0421\u0410\u041c\u042b\u0419\",\n            \"\u0422\u0420\u0423\u0414\u041d\u042b\u0419\",\n            \"\u0427\u0415\u0421\u0422\u042c\",\n            \"\u041a\u041b\u041e\u0423\u041d\u042b\",\n            \"\u041a\u0420\u0423\u0416\u041a\u0410\",\n            \"\u0417\u0410\u041c\u042b\u0421\u0415\u041b\"\n        };\n\n        public static string GetVariantByNumber(int number) => data[number - 1];\n\n        public static int GetVariantsCount() => data.Length;\n\n        public static string GetAnswerByNumber(int number) => answers[number - 1];\n    }\n}\n", "_type": "Listing"}, {"py/object": "Sto.Paragraph.Paragraph", "_text": "", "_type": "Paragraph"}, {"py/object": "Sto.Listing.ListingDescription", "_text": "Lab_03/Lab_03.App/MainWindow.xaml.cs", "_type": "ListingDescription"}, {"py/object": "Sto.Listing.Listing", "_text": "using System;\nusing System.Linq;\n\nusing Avalonia.Controls;\nusing Avalonia.Interactivity;\nusing Avalonia.Markup.Xaml;\n\nusing Lab_03.Core;\n\nusing MessageBox.Avalonia;\n\nnamespace Lab_03.App\n{\n    public class MainWindow : Window\n    {\n        public MainWindow()\n        {\n            InitializeComponent();\n        }\n\n        private VigenereAnalysis VigenereAnalysis { get; set; } = new VigenereAnalysis(\"\");\n\n        private TextBox TextTextBox => this.FindControl<TextBox>(\"TextTextBox\");\n        private TextBox CiphertextTextBox => this.FindControl<TextBox>(\"CiphertextTextBox\");\n        private ComboBox VariantsComboBox => this.FindControl<ComboBox>(\"VariantsComboBox\");\n        private ComboBox MuComboBox => this.FindControl<ComboBox>(\"MuComboBox\");\n        private TextBox MostOcurredLettersTextBox => this.FindControl<TextBox>(\"MostOcurredLettersTextBox\");\n        private TextBox KeyTextBox => this.FindControl<TextBox>(\"KeyTextBox\");\n\n        private void InitializeComponent()\n        {\n            AvaloniaXamlLoader.Load(this);\n\n            VariantsComboBox.Items = Enumerable.Range(1, Variants.GetVariantsCount());\n        }\n\n\n        private void OnVariantsComboBoxSelectionChanged(object sender, SelectionChangedEventArgs e)\n        {\n            try\n            {\n                CiphertextTextBox.Text = Variants.GetVariantByNumber((int) VariantsComboBox.SelectedItem);\n            }\n            catch (Exception ex)\n            {\n                ExceptionMessageBox(ex);\n            }\n        }\n\n        private void OnMuComboBoxSelectionChanged(object sender, SelectionChangedEventArgs e)\n        {\n            try\n            {\n                if (MuComboBox.SelectedItem == null)\n                {\n                    return;\n                }\n\n                VigenereAnalysis.SuggestMu((int) MuComboBox.SelectedItem);\n                KeyTextBox.Text = VigenereAnalysis.VigenereDecrypter.Key;\n                MostOcurredLettersTextBox.Text = new string('\u041e', VigenereAnalysis.Mu);\n            }\n            catch (Exception ex)\n            {\n                ExceptionMessageBox(ex);\n            }\n        }\n\n        private void OnPossibleMusButtonClick(object sender, RoutedEventArgs e)\n        {\n            try\n            {\n                VigenereAnalysis = new VigenereAnalysis(CiphertextTextBox.Text);\n                var items = VigenereAnalysis.PossibleMus().ToList();\n                MuComboBox.Items = items;\n                MuComboBox.SelectedItem = items.First();\n\n                VigenereAnalysis.SuggestMu(items.First());\n                KeyTextBox.Text = VigenereAnalysis.VigenereDecrypter.Key;\n                MostOcurredLettersTextBox.Text = new string('\u041e', VigenereAnalysis.Mu);\n            }\n            catch (Exception ex)\n            {\n                ExceptionMessageBox(ex);\n            }\n        }\n\n        private void OnSuggestMostOccuredButtonClick(object sender, RoutedEventArgs e)\n        {\n            try\n            {\n                for (var i = 0; i < VigenereAnalysis.Mu; i++)\n                {\n                    VigenereAnalysis.SuggestMostOccuring(i, MostOcurredLettersTextBox.Text[i]);\n                }\n\n                KeyTextBox.Text = VigenereAnalysis.VigenereDecrypter.Key;\n            }\n            catch (Exception ex)\n            {\n                ExceptionMessageBox(ex);\n            }\n        }\n\n        private void OnEncryptButtonClick(object sender, RoutedEventArgs e)\n        {\n            try\n            {\n                VigenereAnalysis.VigenereDecrypter.Key = KeyTextBox.Text;\n                TextTextBox.Text = VigenereAnalysis.VigenereDecrypter.Text;\n                MostOcurredLettersTextBox.Text = VigenereAnalysis.MostOccuringLettets;\n            }\n            catch (Exception ex)\n            {\n                ExceptionMessageBox(ex);\n            }\n        }\n\n        private void OnFixKeyButtonClick(object sender, RoutedEventArgs e)\n        {\n            try\n            {\n                VigenereAnalysis.FixKey(TextTextBox.Text);\n                KeyTextBox.Text = VigenereAnalysis.VigenereDecrypter.Key;\n                TextTextBox.Text = VigenereAnalysis.VigenereDecrypter.Text;\n                MostOcurredLettersTextBox.Text = VigenereAnalysis.MostOccuringLettets;\n            }\n            catch (Exception ex)\n            {\n                ExceptionMessageBox(ex);\n            }\n        }\n\n        private void OnCheckKeyButtonClick(object sender, RoutedEventArgs e)\n        {\n            try\n            {\n                VigenereAnalysis.VigenereDecrypter.Key =\n                    Variants.GetAnswerByNumber((int) VariantsComboBox.SelectedItem);\n                KeyTextBox.Text = VigenereAnalysis.VigenereDecrypter.Key;\n                TextTextBox.Text = VigenereAnalysis.VigenereDecrypter.Text;\n                MostOcurredLettersTextBox.Text = VigenereAnalysis.MostOccuringLettets;\n            }\n            catch (Exception ex)\n            {\n                ExceptionMessageBox(ex);\n            }\n        }\n\n        private static void ExceptionMessageBox(Exception ex)\n        {\n            var msgBox = MessageBoxManager\n                .GetMessageBoxStandardWindow(\"\u041e\u0448\u0438\u0431\u043a\u0430\", ex.Message + \"\\n\" + ex.StackTrace);\n            msgBox.Show();\n        }\n    }\n}\n", "_type": "Listing"}, {"py/object": "Sto.Paragraph.Paragraph", "_text": "", "_type": "Paragraph"}, {"py/object": "Sto.Listing.ListingDescription", "_text": "Lab_03/Lab_03.Core.Tests/VigenereTests.cs", "_type": "ListingDescription"}, {"py/object": "Sto.Listing.Listing", "_text": "using System.Linq;\n\nusing NUnit.Framework;\n\nnamespace Lab_03.Core.Tests\n{\n    public class VigenereTests\n    {\n        [Test]\n        public void TestSample1()\n        {\n            var c = new VigenereDecrypter(\"\u0412\u0419\u0418\u0418\u041e\u0417\u0420\") {Key = \"\u0410\u0411\u0412\"};\n\n            Assert.That(c.Text, Is.EqualTo(\"\u0412\u0418\u0416\u0418\u041d\u0415\u0420\"));\n        }\n\n        [Test]\n        public void TestVar1()\n        {\n            var t = Variants.GetVariantByNumber(1);\n            var an = new VigenereAnalysis(t);\n\n            var pm = an.PossibleMus();\n\n            an.SuggestMu(pm.First());\n            an.SuggestMostOccuring(0, '\u041e');\n            an.SuggestMostOccuring(1, '\u041e');\n            an.SuggestMostOccuring(2, '\u0415');\n            an.SuggestMostOccuring(3, '\u041e');\n            an.SuggestMostOccuring(4, '\u041e');\n            an.SuggestMostOccuring(5, '\u041e');\n            an.SuggestMostOccuring(6, '\u041e');\n\n            Assert.That(an.VigenereDecrypter.Key, Is.EqualTo(\"\u041a\u041e\u041b\u041e\u0414\u0415\u0426\"));\n\n            Assert.That(an.VigenereDecrypter.Text?.Split(\" \").First(), Is.EqualTo(\"\u041c\u041e\u041b\u041e\u0414\u041e\u0419\"));\n        }\n\n\n        [Test]\n        public void TestVar14()\n        {\n            var v14 = Variants.GetVariantByNumber(14);\n            var v = new VigenereDecrypter(v14);\n\n            var an = new VigenereAnalysis(v14);\n            var pm = an.PossibleMus();\n\n            an.SuggestMu(pm.First());\n            an.SuggestMostOccuring(0, '\u041e');\n            an.SuggestMostOccuring(1, '\u041e');\n            an.SuggestMostOccuring(2, '\u041e');\n            an.SuggestMostOccuring(3, '\u041e');\n            an.SuggestMostOccuring(4, '\u041e');\n            an.SuggestMostOccuring(5, '\u041e');\n\n            Assert.That(an.VigenereDecrypter.Key, Is.EqualTo(\"\u041a\u0420\u0423\u0416\u041a\u0410\"));\n\n            Assert.That(an.VigenereDecrypter.Text?.Split(\" \").Skip(1).First(), Is.EqualTo(\"\u041f\u041e\u0427\u0418\u0422\u0410\u042e\"));\n        }\n\n        [Test]\n        public void TestVar12()\n        {\n            var v12 = Variants.GetVariantByNumber(12);\n            var an = new VigenereAnalysis(v12);\n            var pm = an.PossibleMus();\n\n            an.SuggestMu(pm.First());\n            an.SuggestMostOccuring(0, '\u0415');\n            an.SuggestMostOccuring(1, '\u0410');\n            an.SuggestMostOccuring(2, '\u041e');\n            an.SuggestMostOccuring(3, '\u041e');\n            an.SuggestMostOccuring(4, '\u041e');\n\n            Assert.That(an.VigenereDecrypter.Key, Is.EqualTo(\"\u0427\u0415\u0421\u0422\u0426\"));\n            Assert.That(an.VigenereDecrypter.Text?.Split(\" \").Skip(1).First(), Is.EqualTo(\"\u0414\u0412\u0415\u0423\u0410\u0414\u0426\u0410\u0428\u042c\"));\n\n            const string post = \"\u0412 \u0414\u0412\u0415\u041d\u0410\u0414\u0426\u0410\u0428\u042c\";\n            an.FixKey(post);\n\n            Assert.That(an.VigenereDecrypter.Key, Is.EqualTo(\"\u0427\u0415\u0421\u0422\u042c\"));\n            Assert.That(an.VigenereDecrypter.Text?.Split(\" \").Skip(1).First(), Is.EqualTo(\"\u0414\u0412\u0415\u041d\u0410\u0414\u0426\u0410\u0422\u042c\"));\n        }\n\n        [Test]\n        public void TestAnswers()\n        {\n            var starts = new[]\n            {\n                \"\u041c\u041e\u041b\u041e\u0414\u041e\u0419 \u0427\u0410\u0420\u0422\u041a\u041e\u0412\",\n                \"\u041e\u0414\u0418\u041d\u041e\u041a\u041e \u0412 \u0421\u0422\u041e\u0420\u041e\u041d\u0415\",\n                \"\u0414\u0415\u0414 \u041c\u041e\u0419\",\n                \"\u041a\u0410\u041a \u0422\u041e\u041b\u042c\u041a\u041e \u0420\u042b\u0426\u0410\u0420\u042c\",\n                \"\u041d\u0415\u0411\u041e \u0417\u0412\u0415\u0417\u0414\u0418\u041b\u041e\u0421\u042c\",\n                \"\u041e\u0422\u0420\u042f\u0414 \u041c\u0418\u041d\u0423\u041b \u0413\u041e\u0420\u041e\u0414\",\n                \"\u042f \u041e\u0427\u0415\u041d\u042c \u041b\u042e\u0411\u041b\u042e\",\n                \"\u041d\u0418\u0413\u0414\u0415 \u041d\u0415 \u041e\u0421\u0422\u0410\u041d\u0410\u0412\u041b\u0418\u0412\u0410\u041b\u041e\u0421\u042c\",\n                \"\u0417\u0410 \u0421\u0410\u0414\u041e\u041c \u041d\u0410\u0425\u041e\u0414\u0418\u041b\u0421\u042f\",\n                \"\u0421\u0410\u041c\u041e\u0415 \u0422\u041e\u0420\u0416\u0415\u0421\u0422\u0412\u0415\u041d\u041d\u041e\u0415\",\n                \"\u0424\u0418\u041b\u041e\u0421\u041e\u0424 \u041d\u0410\u0427\u0410\u041b \u041d\u0410\",\n                \"\u0412 \u0414\u0412\u0415\u041d\u0410\u0414\u0426\u0410\u0422\u042c \u0427\u0410\u0421\u041e\u0412\",\n                \"\u041d\u041e \u041f\u0420\u0415\u0416\u0414\u0415 \u041d\u0415\u0416\u0415\u041b\u0418\",\n                \"\u042f \u041f\u041e\u0427\u0418\u0422\u0410\u042e \u041d\u0415 \u0418\u0417\u041b\u0418\u0428\u041d\u0418\u041c\",\n                \"\u0421 \u0414\u041e\u0421\u0410\u0414\u041e\u042e \u0417\u0410\u041a\u0423\u0421\u0418\u0412\"\n            };\n            for (var i = 0; i < Variants.GetVariantsCount(); i++)\n            {\n                var v = Variants.GetVariantByNumber(i + 1);\n                var an = new VigenereAnalysis(v);\n\n                an.VigenereDecrypter.Key = Variants.GetAnswerByNumber(i + 1);\n\n                Assert.That(an.VigenereDecrypter.Text?.Substring(0, starts[i].Length), Is.EqualTo(starts[i]));\n            }\n        }\n    }\n}\n", "_type": "Listing"}, {"py/object": "Sto.Paragraph.Paragraph", "_text": "", "_type": "Paragraph"}], "_level": 1}, {"py/object": "Sto.Heading.Heading", "_text": "\u0420\u0435\u0437\u0443\u043b\u044c\u0442\u0430\u0442 \u0440\u0430\u0431\u043e\u0442\u044b \u043f\u0440\u043e\u0433\u0440\u0430\u043c\u043c\u044b ", "_type": "Heading", "_paragraphs": [{"py/object": "Sto.Picture.Picture", "_text": "pic10.png", "_type": "Picture"}, {"py/object": "Sto.Picture.PictureDescription", "_text": "\u0417\u0430\u043f\u0443\u0441\u043a \u043f\u0440\u0438\u043b\u043e\u0436\u0435\u043d\u0438\u044f", "_type": "PictureDescription"}, {"py/object": "Sto.Paragraph.Paragraph", "_text": "", "_type": "Paragraph"}, {"py/object": "Sto.Picture.Picture", "_text": "pic2.png", "_type": "Picture"}, {"py/object": "Sto.Picture.PictureDescription", "_text": "\u041d\u0430\u0447\u0430\u043b\u044c\u043d\u043e\u0435 \u043e\u043a\u043d\u043e", "_type": "PictureDescription"}, {"py/object": "Sto.Paragraph.Paragraph", "_text": "", "_type": "Paragraph"}, {"py/object": "Sto.Picture.Picture", "_text": "pic3.png", "_type": "Picture"}, {"py/object": "Sto.Picture.PictureDescription", "_text": "\u041f\u043e\u0441\u043b\u0435 \u0432\u044b\u0431\u043e\u0440\u0430 \u0432\u0430\u0440\u0438\u0430\u043d\u0442\u0430", "_type": "PictureDescription"}, {"py/object": "Sto.Paragraph.Paragraph", "_text": "", "_type": "Paragraph"}, {"py/object": "Sto.Picture.Picture", "_text": "pic4.png", "_type": "Picture"}, {"py/object": "Sto.Picture.PictureDescription", "_text": "\u041f\u043e\u0441\u043b\u0435 \"\u041f\u043e\u0434\u043e\u0431\u0440\u0430\u0442\u044c \u0434\u043b\u0438\u043d\u0443\"", "_type": "PictureDescription"}, {"py/object": "Sto.Paragraph.Paragraph", "_text": "", "_type": "Paragraph"}, {"py/object": "Sto.Picture.Picture", "_text": "pic5.png", "_type": "Picture"}, {"py/object": "Sto.Picture.PictureDescription", "_text": "\u041f\u043e\u0441\u043b\u0435 \"\u041f\u043e\u0434\u043e\u0431\u0440\u0430\u0442\u044c \u043a\u043b\u044e\u0447\"", "_type": "PictureDescription"}, {"py/object": "Sto.Paragraph.Paragraph", "_text": "", "_type": "Paragraph"}, {"py/object": "Sto.Picture.Picture", "_text": "pic6.png", "_type": "Picture"}, {"py/object": "Sto.Picture.PictureDescription", "_text": "\u041f\u043e\u0441\u043b\u0435 \"\u0420\u0430\u0441\u0448\u0438\u0444\u0440\u043e\u0432\u0430\u0442\u044c\"", "_type": "PictureDescription"}, {"py/object": "Sto.Paragraph.Paragraph", "_text": "", "_type": "Paragraph"}, {"py/object": "Sto.Picture.Picture", "_text": "pic7.png", "_type": "Picture"}, {"py/object": "Sto.Picture.PictureDescription", "_text": "\u041f\u043e\u0441\u043b\u0435 \u0437\u0430\u043c\u0435\u043d\u044b \"\u041c\u041e\u0424\u041e\u0414\u041e\u0419\" \u043d\u0430 \"\u041c\u041e\u041b\u041e\u0414\u041e\u0419\"", "_type": "PictureDescription"}, {"py/object": "Sto.Paragraph.Paragraph", "_text": "", "_type": "Paragraph"}, {"py/object": "Sto.Picture.Picture", "_text": "pic8.png", "_type": "Picture"}, {"py/object": "Sto.Picture.PictureDescription", "_text": "\u041f\u043e\u0441\u043b\u0435 \"\u0418\u0441\u043f\u0440\u0430\u0432\u0438\u0442\u044c \u043a\u043b\u044e\u0447\"", "_type": "PictureDescription"}, {"py/object": "Sto.Paragraph.Paragraph", "_text": "", "_type": "Paragraph"}, {"py/object": "Sto.Picture.Picture", "_text": "pic9.png", "_type": "Picture"}, {"py/object": "Sto.Picture.PictureDescription", "_text": "\u0417\u0430\u043f\u0443\u0441\u043a \u0442\u0435\u0441\u0442\u043e\u0432", "_type": "PictureDescription"}, {"py/object": "Sto.Paragraph.Paragraph", "_text": "", "_type": "Paragraph"}], "_level": 1}, {"py/object": "Sto.Heading.Heading", "_text": "\u0417\u0430\u043a\u043b\u044e\u0447\u0435\u043d\u0438\u0435", "_type": "Heading", "_paragraphs": [{"py/object": "Sto.Paragraph.Paragraph", "_text": "\u0411\u044b\u043b\u044b \u0438\u0437\u0443\u0447\u0435\u043d\u044b \u043e\u0441\u043d\u043e\u0432\u044b \u043a\u0440\u0438\u043f\u0442\u043e\u0430\u043d\u0430\u043b\u0438\u0437\u0430 \u043d\u0430 \u043f\u0440\u0438\u043c\u0435\u0440\u0435 \u043a\u0440\u0438\u043f\u0442\u043e\u0430\u043d\u0430\u043b\u0438\u0437\u0430 \u0448\u0438\u0444\u0440\u0430 \u0412\u0438\u0436\u0438\u043d\u0435\u0440\u0430. \u0420\u0430\u0437\u0440\u0430\u0431\u043e\u0442\u0430\u043d\u0430 \u043f\u0440\u043e\u0433\u0440\u0430\u043c\u043c\u0430, \u043f\u043e\u043c\u043e\u0433\u0430\u044e\u0449\u0430\u044f \u0440\u0430\u0441\u0448\u0438\u0444\u0440\u043e\u0432\u0430\u0442\u044c \u0442\u0435\u043a\u0441\u0442 \u043d\u0430 \u0440\u0443\u0441\u0441\u043a\u043e\u043c \u044f\u0437\u044b\u043a\u0435, \u0437\u0430\u0448\u0438\u0444\u0440\u043e\u0432\u0430\u043d\u043d\u043e\u043c \u0448\u0438\u0444\u0440\u043e\u043c \u0412\u0438\u0436\u0438\u043d\u0435\u0440\u0430. \u041d\u0430\u043f\u0438\u0441\u0430\u043d\u044b \u044e\u043d\u0438\u0442-\u0442\u0435\u0441\u0442\u044b.", "_type": "Paragraph"}], "_level": 1}], "_resources_list": {"py/object": "Sto.ResourcesList.ResourcesList", "_text": "", "_type": "ResourcesList", "_paragraphs": []}, "_attachments": []}